{
    "name": "root",
    "metadata": {
        "timer_format_version": "0.1.0",
        "start_time_seconds": "1681759143",
        "python_version": "3.8.10 (tags/v3.8.10:3d8993a, May  3 2021, 11:48:03) [MSC v.1928 64 bit (AMD64)]",
        "command_line_arguments": "C:\\Users\\pawel\\AppData\\Local\\Programs\\Python\\Python38\\Scripts\\mlagents-learn .\\config\\trainer-config.yaml --run-id=try-13",
        "mlagents_version": "0.29.0",
        "mlagents_envs_version": "0.29.0",
        "communication_protocol_version": "1.5.0",
        "pytorch_version": "2.0.0+cpu",
        "numpy_version": "1.19.0",
        "end_time_seconds": "1681759218"
    },
    "total": 75.3612429,
    "count": 1,
    "self": 0.007443699999996056,
    "children": {
        "run_training.setup": {
            "total": 0.10612500000000002,
            "count": 1,
            "self": 0.10612500000000002
        },
        "TrainerController.start_learning": {
            "total": 75.24767419999999,
            "count": 1,
            "self": 0.013572699999983229,
            "children": {
                "TrainerController._reset_env": {
                    "total": 6.1986475,
                    "count": 1,
                    "self": 6.1986475
                },
                "TrainerController.advance": {
                    "total": 68.83101210000001,
                    "count": 604,
                    "self": 0.010995300000018915,
                    "children": {
                        "env_step": {
                            "total": 68.7203436,
                            "count": 604,
                            "self": 67.50931540000002,
                            "children": {
                                "SubprocessEnvManager._take_step": {
                                    "total": 1.2023665999999906,
                                    "count": 604,
                                    "self": 0.03705570000000691,
                                    "children": {
                                        "TorchPolicy.evaluate": {
                                            "total": 1.1653108999999837,
                                            "count": 604,
                                            "self": 0.2420939999999998,
                                            "children": {
                                                "TorchPolicy.sample_actions": {
                                                    "total": 0.9232168999999839,
                                                    "count": 604,
                                                    "self": 0.9232168999999839
                                                }
                                            }
                                        }
                                    }
                                },
                                "workers": {
                                    "total": 0.008661600000003489,
                                    "count": 603,
                                    "self": 0.0,
                                    "children": {
                                        "worker_root": {
                                            "total": 5.904626100000022,
                                            "count": 603,
                                            "is_parallel": true,
                                            "self": 2.043272000000023,
                                            "children": {
                                                "steps_from_proto": {
                                                    "total": 0.0005715999999997834,
                                                    "count": 1,
                                                    "is_parallel": true,
                                                    "self": 0.0002280999999992872,
                                                    "children": {
                                                        "_process_rank_one_or_two_observation": {
                                                            "total": 0.0003435000000004962,
                                                            "count": 2,
                                                            "is_parallel": true,
                                                            "self": 0.0003435000000004962
                                                        }
                                                    }
                                                },
                                                "UnityEnvironment.step": {
                                                    "total": 3.860782499999999,
                                                    "count": 603,
                                                    "is_parallel": true,
                                                    "self": 0.05739339999997739,
                                                    "children": {
                                                        "UnityEnvironment._generate_step_input": {
                                                            "total": 0.0769880000000116,
                                                            "count": 603,
                                                            "is_parallel": true,
                                                            "self": 0.0769880000000116
                                                        },
                                                        "communicator.exchange": {
                                                            "total": 3.5395897000000174,
                                                            "count": 603,
                                                            "is_parallel": true,
                                                            "self": 3.5395897000000174
                                                        },
                                                        "steps_from_proto": {
                                                            "total": 0.18681139999999274,
                                                            "count": 603,
                                                            "is_parallel": true,
                                                            "self": 0.09467079999997186,
                                                            "children": {
                                                                "_process_rank_one_or_two_observation": {
                                                                    "total": 0.09214060000002089,
                                                                    "count": 1206,
                                                                    "is_parallel": true,
                                                                    "self": 0.09214060000002089
                                                                }
                                                            }
                                                        }
                                                    }
                                                }
                                            }
                                        }
                                    }
                                }
                            }
                        },
                        "trainer_advance": {
                            "total": 0.09967319999998914,
                            "count": 603,
                            "self": 0.018793199999977972,
                            "children": {
                                "process_trajectory": {
                                    "total": 0.08088000000001117,
                                    "count": 603,
                                    "self": 0.08088000000001117
                                }
                            }
                        }
                    }
                },