{
    "name": "root",
    "metadata": {
        "timer_format_version": "0.1.0",
        "start_time_seconds": "1681758637",
        "python_version": "3.8.10 (tags/v3.8.10:3d8993a, May  3 2021, 11:48:03) [MSC v.1928 64 bit (AMD64)]",
        "command_line_arguments": "C:\\Users\\pawel\\AppData\\Local\\Programs\\Python\\Python38\\Scripts\\mlagents-learn .\\config\\trainer-config.yaml --run-id=try-11",
        "mlagents_version": "0.29.0",
        "mlagents_envs_version": "0.29.0",
        "communication_protocol_version": "1.5.0",
        "pytorch_version": "2.0.0+cpu",
        "numpy_version": "1.19.0",
        "end_time_seconds": "1681758799"
    },
    "total": 162.000528,
    "count": 1,
    "self": 10.007235499999979,
    "children": {
        "run_training.setup": {
            "total": 0.10396939999999999,
            "count": 1,
            "self": 0.10396939999999999
        },
        "TrainerController.start_learning": {
            "total": 151.8893231,
            "count": 1,
            "self": 0.21263050000075623,
            "children": {
                "TrainerController._reset_env": {
                    "total": 7.832667099999999,
                    "count": 1,
                    "self": 7.832667099999999
                },
                "TrainerController.advance": {
                    "total": 142.57903479999925,
                    "count": 10451,
                    "self": 0.18165329999879987,
                    "children": {
                        "env_step": {
                            "total": 140.89548360000003,
                            "count": 10451,
                            "self": 120.84347139999912,
                            "children": {
                                "SubprocessEnvManager._take_step": {
                                    "total": 19.905084900000258,
                                    "count": 10452,
                                    "self": 0.6475785000004954,
                                    "children": {
                                        "TorchPolicy.evaluate": {
                                            "total": 19.257506399999762,
                                            "count": 10452,
                                            "self": 3.941128000000596,
                                            "children": {
                                                "TorchPolicy.sample_actions": {
                                                    "total": 15.316378399999167,
                                                    "count": 10452,
                                                    "self": 15.316378399999167
                                                }
                                            }
                                        }
                                    }
                                },
                                "workers": {
                                    "total": 0.1469273000006588,
                                    "count": 10450,
                                    "self": 0.0,
                                    "children": {
                                        "worker_root": {
                                            "total": 106.00084730000013,
                                            "count": 10450,
                                            "is_parallel": true,
                                            "self": 33.391034200000306,
                                            "children": {
                                                "steps_from_proto": {
                                                    "total": 0.0008503999999938117,
                                                    "count": 2,
                                                    "is_parallel": true,
                                                    "self": 0.00042639999999405376,
                                                    "children": {
                                                        "_process_rank_one_or_two_observation": {
                                                            "total": 0.0004239999999997579,
                                                            "count": 4,
                                                            "is_parallel": true,
                                                            "self": 0.0004239999999997579
                                                        }
                                                    }
                                                },
                                                "UnityEnvironment.step": {
                                                    "total": 72.60896269999984,
                                                    "count": 10450,
                                                    "is_parallel": true,
                                                    "self": 1.0626665999995737,
                                                    "children": {
                                                        "UnityEnvironment._generate_step_input": {
                                                            "total": 1.253804699999975,
                                                            "count": 10450,
                                                            "is_parallel": true,
                                                            "self": 1.253804699999975
                                                        },
                                                        "communicator.exchange": {
                                                            "total": 66.85686400000033,
                                                            "count": 10450,
                                                            "is_parallel": true,
                                                            "self": 66.85686400000033
                                                        },
                                                        "steps_from_proto": {
                                                            "total": 3.435627399999955,
                                                            "count": 10450,
                                                            "is_parallel": true,
                                                            "self": 1.7035792000000578,
                                                            "children": {
                                                                "_process_rank_one_or_two_observation": {
                                                                    "total": 1.7320481999998973,
                                                                    "count": 20900,
                                                                    "is_parallel": true,
                                                                    "self": 1.7320481999998973
                                                                }
                                                            }
                                                        }
                                                    }
                                                }
                                            }
                                        }
                                    }
                                }
                            }
                        },
                        "trainer_advance": {
                            "total": 1.5018979000004293,
                            "count": 10450,
                            "self": 0.2875926000015916,
                            "children": {
                                "process_trajectory": {
                                    "total": 1.2143052999988377,
                                    "count": 10450,