{
    "name": "root",
    "metadata": {
        "timer_format_version": "0.1.0",
        "start_time_seconds": "1681759450",
        "python_version": "3.8.10 (tags/v3.8.10:3d8993a, May  3 2021, 11:48:03) [MSC v.1928 64 bit (AMD64)]",
        "command_line_arguments": "C:\\Users\\pawel\\AppData\\Local\\Programs\\Python\\Python38\\Scripts\\mlagents-learn .\\config\\trainer-config.yaml --run-id=try-15",
        "mlagents_version": "0.29.0",
        "mlagents_envs_version": "0.29.0",
        "communication_protocol_version": "1.5.0",
        "pytorch_version": "2.0.0+cpu",
        "numpy_version": "1.19.0",
        "end_time_seconds": "1681759572"
    },
    "total": 121.99355109999999,
    "count": 1,
    "self": 0.006966399999981832,
    "children": {
        "run_training.setup": {
            "total": 0.1070641000000001,
            "count": 1,
            "self": 0.1070641000000001
        },
        "TrainerController.start_learning": {
            "total": 121.8795206,
            "count": 1,
            "self": 0.1300362999998157,
            "children": {
                "TrainerController._reset_env": {
                    "total": 7.105509099999999,
                    "count": 1,
                    "self": 7.105509099999999
                },
                "TrainerController.advance": {
                    "total": 114.43909940000017,
                    "count": 5591,
                    "self": 0.1145336000001862,
                    "children": {
                        "env_step": {
                            "total": 113.47534130000014,
                            "count": 5591,
                            "self": 101.58985150000026,
                            "children": {
                                "SubprocessEnvManager._take_step": {
                                    "total": 11.799341899999911,
                                    "count": 5591,
                                    "self": 0.3650083999999101,
                                    "children": {
                                        "TorchPolicy.evaluate": {
                                            "total": 11.434333500000001,
                                            "count": 5591,
                                            "self": 2.321461900000145,
                                            "children": {
                                                "TorchPolicy.sample_actions": {
                                                    "total": 9.112871599999856,
                                                    "count": 5591,
                                                    "self": 9.112871599999856
                                                }
                                            }
                                        }
                                    }
                                },
                                "workers": {
                                    "total": 0.08614789999997008,
                                    "count": 5590,
                                    "self": 0.0,
                                    "children": {
                                        "worker_root": {
                                            "total": 51.5959517,
                                            "count": 5590,
                                            "is_parallel": true,
                                            "self": 19.557631699999725,
                                            "children": {
                                                "steps_from_proto": {
                                                    "total": 0.000330400000000175,
                                                    "count": 1,
                                                    "is_parallel": true,
                                                    "self": 0.000160500000000674,
                                                    "children": {
                                                        "_process_rank_one_or_two_observation": {
                                                            "total": 0.000169899999999501,
                                                            "count": 2,
                                                            "is_parallel": true,
                                                            "self": 0.000169899999999501
                                                        }
                                                    }
                                                },
                                                "UnityEnvironment.step": {
                                                    "total": 32.03798960000027,
                                                    "count": 5590,
                                                    "is_parallel": true,
                                                    "self": 0.530723700000113,
                                                    "children": {
                                                        "UnityEnvironment._generate_step_input": {
                                                            "total": 0.667568600000088,
                                                            "count": 5590,
                                                            "is_parallel": true,
                                                            "self": 0.667568600000088
                                                        },
                                                        "communicator.exchange": {
                                                            "total": 29.12213690000013,
                                                            "count": 5590,
                                                            "is_parallel": true,
                                                            "self": 29.12213690000013
                                                        },
                                                        "steps_from_proto": {
                                                            "total": 1.717560399999944,
                                                            "count": 5590,
                                                            "is_parallel": true,
                                                            "self": 0.8612071999998037,
                                                            "children": {
                                                                "_process_rank_one_or_two_observation": {
                                                                    "total": 0.8563532000001404,
                                                                    "count": 11180,
                                                                    "is_parallel": true,
                                                                    "self": 0.8563532000001404
                                                                }
                                                            }
                                                        }
                                                    }
                                                }
                                            }
                                        }
                                    }
                                }
                            }
                        },
                        "trainer_advance": {
                            "total": 0.8492244999998526,
                            "count": 5590,
                            "self": 0.1717161000002161,
                            "children": {
                                "process_trajectory": {
                                    "total": 0.6775083999996365,
                                    "count": 5590,